[
  {
    "model": "shop.category",
    "pk": 1,
    "fields": {
      "name": "Injection Molds",
      "slug": "injection-molds",
      "description": "Precision molds"
    }
  },
  {
    "model": "shop.category",
    "pk": 2,
    "fields": {
      "name": "Design Services",
      "slug": "design-services",
      "description": "CAD/CAM"
    }
  },
  {
    "model": "shop.product",
    "pk": 1,
    "fields": {
      "category": 1,
      "name": "ABS Mold 120x80",
      "slug": "abs-mold-120x80",
      "sku": "RM-ABS-12080",
      "price": "15000.00",
      "stock": 10,
      "image_url": "",
      "short_description": "Durable ABS mold",
      "description": "Industrial-grade ABS mold",
      "is_active": true
    }
  },
  {
    "model": "shop.product",
    "pk": 2,
    "fields": {
      "category": 1,
      "name": "Polycarbonate Mold 60x40",
      "slug": "pc-mold-60x40",
      "sku": "RM-PC-6040",
      "price": "11000.00",
      "stock": 5,
      "image_url": "",
      "short_description": "High-clarity PC mold",
      "description": "Great for transparent parts",
      "is_active": true
    }
  },
  {
    "model": "shop.product",
    "pk": 3,
    "fields": {
      "category": 2,
      "name": "3D CAD Modeling",
      "slug": "3d-cad-modeling",
      "sku": "RM-SVC-CAD",
      "price": "2500.00",
      "stock": 9999,
      "image_url": "",
      "short_description": "Per-hour service",
      "description": "Professional CAD modeling services",
      "is_active": true
    }
  }
]